[{
        "icon": "home",
        "name": "Inicio",
        "redirecTo": "/inicio"
    },
    {
        "icon": "alarm",
        "name": "Eventos y tareas",
        "redirecTo": "/events"
    },
    {
        "icon": "book",
        "name": "Periodos academicos",
        "redirecTo": "/materias"
    },
    {
        "icon": "calendar",
        "name": "Horario de clases",
        "redirecTo": "/horario-clases"
    },
    {
        "icon": "albums",
        "name": "Galeria",
        "redirecTo": "/galeria"
    },
    {
        "icon": "cash",
        "name": "Finanzas",
        "redirecTo": "/tabs"
    },
    {
        "icon": "settings",
        "name": "Configuracion",
        "redirecTo": "/config"
    },
    {
        "icon": "help-circle",
        "name": "Ayuda",
        "redirecTo": "/ayuda"
    }

]